<?xml version="1.0" encoding="UTF-8"?>
<lint>
    <issue id="ContentDescription" severity="ignore" />
    <issue id="DefaultLocale" severity="ignore" />
    <issue id="DuplicateIds" severity="ignore" />
    <issue id="IconDensities" severity="ignore" />
    <issue id="IconDuplicates" severity="ignore" />
    <issue id="IconDuplicatesConfig" severity="ignore" />
    <issue id="InefficientWeight" severity="ignore" />
    <issue id="InlinedApi" severity="ignore" />
    <issue id="MissingPrefix" severity="ignore" />
    <issue id="NestedWeights" severity="ignore" />
    <issue id="NewApi" severity="ignore" />
    <issue id="ObsoleteLayoutParam" severity="ignore" />
    <issue id="Overdraw" severity="ignore" />
    <issue id="Registered" severity="ignore" />
    <issue id="SelectableText" severity="ignore" />
    <issue id="TypographyEllipsis" severity="ignore" />
    <issue id="UnusedResources" severity="ignore" />
    <issue id="UseCompoundDrawables" severity="ignore" />
    <issue id="UselessParent" severity="ignore" />
    <issue id="ViewConstructor" severity="ignore" />
    <issue id="WrongCall" severity="ignore" />
</lint>